id,name,areatype,placename,GEOID,total_population,pct_65_plus,pct_under_18,pct_w_disability,moe_pct_w_disability,pct_insured,moe_pct_insured,pct_uninsured,moe_pct_uninsured,locationid,pct_asthma,pct_copd,pct_hd,pct_stroke,pct_diabetes,pct_kd,pct_minority,pct_no_hsdiploma,pct_below_150pov,pct_no_bband
BORO1,Aleutians East Borough,County,Aleutians East Borough,013,3420.0,6.87,8.77,10.7,2.2,60.3,3.4,39.7,3.4,013,7.8,5.4,5.7,3.3,13.1,3.0,87.2,15.3,22.7,42.5
BORO19,Municipality of Anchorage,County,Anchorage Municipality,020,291247.0,12.41,23.46,11.2,0.6,89.4,0.7,10.6,0.7,020,9.4,5.3,4.7,2.6,7.9,2.6,43.9,5.8,15.1,7.3
AK15,Anchorage,County,Anchorage Municipality,020,291247.0,12.41,23.46,11.2,0.6,89.4,0.7,10.6,0.7,020,9.4,5.3,4.7,2.6,7.9,2.6,43.9,5.8,15.1,7.3
CENS9,Bethel Census Area,County,Bethel Census Area,050,18666.0,8.24,35.02,11.4,1.0,82.6,2.1,17.4,2.1,050,12.8,10.4,7.9,4.8,14.8,3.9,90.8,18.0,43.9,25.2
BORO17,Bristol Bay Borough,County,Bristol Bay Borough,060,844.0,16.11,22.04,15.9,4.1,83.9,5.1,16.1,5.1,060,10.0,6.9,6.9,3.6,10.7,3.4,58.8,5.3,8.0,23.5
CENS11,Chugach Census Area,County,Chugach Census Area,063,7102.0,12.71,23.18,11.2,2.5,85.1,3.6,14.9,3.6,063,9.2,6.1,5.5,2.9,8.7,2.9,28.7,4.6,8.3,11.1
CENS10,Copper River Census Area,County,Copper River Census Area,066,2617.0,18.69,22.39,16.3,3.9,80.1,6.0,19.9,6.0,066,9.6,8.0,7.4,3.7,10.8,3.5,42.2,5.9,20.7,25.2
BORO18,Denali Borough,County,Denali Borough,068,1619.0,15.01,20.26,16.3,4.4,87.1,9.8,12.9,9.8,068,9.3,6.4,5.6,2.8,8.9,2.8,20.3,1.6,22.6,16.0
CENS3,Dillingham Census Area,County,Dillingham Census Area,070,4857.0,10.52,31.67,12.0,1.4,81.3,2.4,18.7,2.4,070,11.9,9.0,7.5,4.4,13.5,3.8,85.6,13.5,31.7,25.6
BORO8,Fairbanks North Star Borough,County,Fairbanks North Star Borough,090,95655.0,11.46,23.95,11.1,1.0,90.6,1.0,9.4,1.0,090,9.2,5.2,4.4,2.4,7.4,2.4,31.6,5.5,14.0,11.6
AK124,Fairbanks,County,Fairbanks North Star Borough,090,95655.0,11.46,23.95,11.1,1.0,90.6,1.0,9.4,1.0,090,9.2,5.2,4.4,2.4,7.4,2.4,31.6,5.5,14.0,11.6
BORO16,Haines Borough,County,Haines Borough,100,2080.0,23.65,18.17,19.0,7.3,90.5,4.2,9.5,4.2,100,9.8,9.1,8.2,4.0,12.1,3.8,20.3,2.3,27.4,15.9
CENS4,Hoonah-Angoon Census Area,County,Hoonah-Angoon Census Area,105,2365.0,22.83,21.99,17.6,3.2,77.1,3.6,22.9,3.6,105,10.1,9.3,9.3,4.7,14.0,4.3,55.7,6.3,21.3,40.6
BORO9,City and Borough of Juneau,County,Juneau City and Borough,110,32255.0,14.36,21.35,11.6,1.4,90.6,1.7,9.4,1.7,110,9.3,5.6,5.2,2.7,8.1,2.7,37.5,4.6,12.0,8.0
AK172,Juneau,County,Juneau City and Borough,110,32255.0,14.36,21.35,11.6,1.4,90.6,1.7,9.4,1.7,110,9.3,5.6,5.2,2.7,8.1,2.7,37.5,4.6,12.0,8.0
AK225,Lena Beach,County,Juneau City and Borough,110,32255.0,14.36,21.35,11.6,1.4,90.6,1.7,9.4,1.7,110,9.3,5.6,5.2,2.7,8.1,2.7,37.5,4.6,12.0,8.0
AK27,Auke Bay,County,Juneau City and Borough,110,32255.0,14.36,21.35,11.6,1.4,90.6,1.7,9.4,1.7,110,9.3,5.6,5.2,2.7,8.1,2.7,37.5,4.6,12.0,8.0
AK388,Tee Harbor,County,Juneau City and Borough,110,32255.0,14.36,21.35,11.6,1.4,90.6,1.7,9.4,1.7,110,9.3,5.6,5.2,2.7,8.1,2.7,37.5,4.6,12.0,8.0
AK395,Thane,County,Juneau City and Borough,110,32255.0,14.36,21.35,11.6,1.4,90.6,1.7,9.4,1.7,110,9.3,5.6,5.2,2.7,8.1,2.7,37.5,4.6,12.0,8.0
AK99,Douglas,County,Juneau City and Borough,110,32255.0,14.36,21.35,11.6,1.4,90.6,1.7,9.4,1.7,110,9.3,5.6,5.2,2.7,8.1,2.7,37.5,4.6,12.0,8.0
BORO15,Kenai Peninsula Borough,County,Kenai Peninsula Borough,122,58799.0,19.22,21.79,15.4,1.2,86.1,1.5,13.9,1.5,122,9.5,7.6,6.8,3.3,10.0,3.2,21.3,6.0,18.8,15.0
BORO7,Ketchikan Gateway Borough,County,Ketchikan Gateway Borough,130,13948.0,16.22,22.18,14.8,1.2,90.4,1.2,9.6,1.2,130,9.4,6.9,6.2,3.2,9.9,3.1,37.5,6.0,15.7,12.4
BORO4,Kodiak Island Borough,County,Kodiak Island Borough,150,13101.0,12.27,24.63,9.5,2.0,83.1,3.7,16.9,3.7,150,8.7,5.3,4.9,2.6,9.1,2.6,52.6,9.5,12.2,10.4
CENS5,Kusilvak Census Area,County,Kusilvak Census Area,158,8368.0,6.45,40.88,12.9,1.3,82.0,1.7,18.0,1.7,158,14.1,13.0,8.8,5.5,17.3,4.3,96.7,20.4,57.3,30.0
BORO2,Lake and Peninsula Borough,County,Lake and Peninsula Borough,164,1476.0,9.28,30.56,16.0,3.7,74.1,4.4,25.9,4.4,164,11.4,8.7,7.5,4.3,13.2,3.7,75.7,10.7,27.9,33.9
BORO13,Matanuska-Susitna Borough,County,Matanuska-Susitna Borough,170,107081.0,13.27,27.08,14.1,0.7,85.9,0.8,14.1,0.8,170,9.7,7.0,5.5,2.9,8.3,2.8,22.3,6.3,17.2,10.6
CENS6,Nome Census Area,County,Nome Census Area,180,10046.0,8.37,32.8,9.0,0.8,80.9,1.4,19.1,1.4,180,12.1,9.2,7.0,4.1,12.9,3.5,85.7,12.4,36.8,20.2
BORO3,North Slope Borough,County,North Slope Borough,185,11031.0,6.12,25.85,10.5,1.4,80.5,2.9,19.5,2.9,185,9.8,6.5,5.6,3.2,10.3,2.9,71.8,12.3,13.9,30.3
BORO6,Northwest Arctic Borough,County,Northwest Arctic Borough,188,7793.0,7.39,36.02,9.3,1.5,76.8,2.3,23.2,2.3,188,12.1,9.0,7.3,4.3,13.2,3.6,89.8,15.7,33.4,18.8
BORO11,Petersburg Borough,County,Petersburg Borough,195,3398.0,20.95,20.98,21.1,3.8,87.3,3.6,12.7,3.6,195,9.3,7.2,6.8,3.4,9.9,3.3,39.3,8.5,13.5,14.5
CENS7,Prince of Wales-Hyder Census Area,County,Prince of Wales-Hyder Census Area,198,5753.0,18.29,23.81,22.9,1.7,78.0,2.2,22.0,2.2,198,10.7,9.8,8.7,4.5,13.8,4.1,55.4,7.6,27.8,31.6
BORO10,City and Borough of Sitka,County,Sitka City and Borough,220,8458.0,16.86,20.62,13.0,1.7,85.5,2.1,14.5,2.1,220,9.2,6.1,5.8,3.0,9.5,3.0,38.6,5.2,12.8,14.9
AK29,Baranof Warm Springs,County,Sitka City and Borough,220,8458.0,16.86,20.62,13.0,1.7,85.5,2.1,14.5,2.1,220,9.2,6.1,5.8,3.0,9.5,3.0,38.6,5.2,12.8,14.9
AK360,Sitka,County,Sitka City and Borough,220,8458.0,16.86,20.62,13.0,1.7,85.5,2.1,14.5,2.1,220,9.2,6.1,5.8,3.0,9.5,3.0,38.6,5.2,12.8,14.9
AK60,Chatham,County,Sitka City and Borough,220,8458.0,16.86,20.62,13.0,1.7,85.5,2.1,14.5,2.1,220,9.2,6.1,5.8,3.0,9.5,3.0,38.6,5.2,12.8,14.9
BORO5,Municipality of Skagway,County,Skagway Municipality,230,1240.0,13.47,19.92,14.7,4.6,86.6,4.5,13.4,4.5,230,9.2,6.4,5.5,2.8,8.3,2.8,26.2,9.5,12.3,13.1
CENS2,Southeast Fairbanks Census Area,County,Southeast Fairbanks Census Area,240,6808.0,17.1,23.28,19.4,2.2,83.2,3.1,16.8,3.1,240,9.4,7.5,6.6,3.3,9.8,3.1,27.9,7.4,20.1,29.2
BORO12,City and Borough of Wrangell,County,Wrangell City and Borough,275,2127.0,22.66,19.75,16.5,3.5,84.7,3.2,15.3,3.2,275,10.1,9.7,8.8,4.4,12.7,4.0,43.2,15.2,18.9,22.4
AK249,Meyers Chuck,County,Wrangell City and Borough,275,2127.0,22.66,19.75,16.5,3.5,84.7,3.2,15.3,3.2,275,10.1,9.7,8.8,4.4,12.7,4.0,43.2,15.2,18.9,22.4
AK434,Wrangell,County,Wrangell City and Borough,275,2127.0,22.66,19.75,16.5,3.5,84.7,3.2,15.3,3.2,275,10.1,9.7,8.8,4.4,12.7,4.0,43.2,15.2,18.9,22.4
BORO14,City and Borough of Yakutat,County,Yakutat City and Borough,282,662.0,18.28,19.34,7.7,2.6,80.2,7.6,19.8,7.6,282,9.8,7.9,8.2,4.3,12.7,3.8,69.6,5.4,13.2,16.2
AK53,Cape Yakataga,County,Yakutat City and Borough,282,662.0,18.28,19.34,7.7,2.6,80.2,7.6,19.8,7.6,282,9.8,7.9,8.2,4.3,12.7,3.8,69.6,5.4,13.2,16.2
CENS8,Yukon-Koyukuk Census Area,County,Yukon-Koyukuk Census Area,290,5343.0,14.9,26.67,16.0,1.6,77.3,2.1,22.7,2.1,290,11.9,10.6,9.5,5.3,15.6,4.5,78.6,12.9,35.1,54.1
AK110,Eklutna,Census tract,Census Tract 1.01,020000101,5650.0,12.71,25.47,13.5,4.2,90.5,4.6,9.5,4.6,020000101,9.3,4.8,3.8,2.1,6.4,2.1,20.2,2.2,5.8,4.5
AK43,Birchwood,Census tract,Census Tract 1.02,020000102,5215.0,15.3,23.72,11.2,4.7,92.9,4.3,7.1,4.3,020000102,9.5,5.2,4.3,2.3,6.6,2.3,14.7,5.5,18.2,2.0
AK103,Eagle River,Census tract,Census Tract 2.01,020000201,4318.0,7.74,26.98,9.6,4.1,89.1,3.8,10.9,3.8,020000201,9.8,4.3,3.0,1.7,5.2,1.8,26.9,7.1,11.5,8.9
AK103,Eagle River,Census tract,Census Tract 2.02,020000202,6384.0,12.97,25.5,13.8,3.7,89.9,4.9,10.1,4.9,020000202,9.4,4.7,3.7,2.1,6.0,2.1,28.2,3.9,6.9,4.7
AK103,Eagle River,Census tract,Census Tract 2.04,020000204,3582.0,12.65,21.3,14.9,5.3,94.5,3.7,5.5,3.7,020000204,9.6,4.2,3.3,1.8,5.6,2.0,19.7,1.9,6.9,3.3
AK103,Eagle River,Census tract,Census Tract 2.05,020000205,7421.0,7.16,30.64,7.7,3.9,97.4,2.0,2.6,2.0,020000205,,,,,,,19.1,0.8,4.0,1.5
AK103,Eagle River,Census tract,Census Tract 2.06,020000206,3413.0,13.45,28.13,13.1,5.2,98.2,2.0,1.8,2.0,020000206,,,,,,,11.4,0.9,2.6,3.5
AK136,Girdwood,Census tract,Census Tract 29,020002900,2503.0,12.35,19.14,8.4,5.1,89.0,7.1,11.0,7.1,020002900,8.9,4.2,3.3,1.8,5.3,1.9,10.9,4.5,10.7,5.9
AK166,Indian,Census tract,Census Tract 29,020002900,2503.0,12.35,19.14,8.4,5.1,89.0,7.1,11.0,7.1,020002900,8.9,4.2,3.3,1.8,5.3,1.9,10.9,4.5,10.7,5.9
AK328,Portage,Census tract,Census Tract 29,020002900,2503.0,12.35,19.14,8.4,5.1,89.0,7.1,11.0,7.1,020002900,8.9,4.2,3.3,1.8,5.3,1.9,10.9,4.5,10.7,5.9
AK333,Rainbow,Census tract,Census Tract 29,020002900,2503.0,12.35,19.14,8.4,5.1,89.0,7.1,11.0,7.1,020002900,8.9,4.2,3.3,1.8,5.3,1.9,10.9,4.5,10.7,5.9
AK44,Bird Point,Census tract,Census Tract 29,020002900,2503.0,12.35,19.14,8.4,5.1,89.0,7.1,11.0,7.1,020002900,8.9,4.2,3.3,1.8,5.3,1.9,10.9,4.5,10.7,5.9
AK439,Joint Base Elmendorf-Richardson,Census tract,Census Tract 9801,020980100,4592.0,,25.07,2.0,2.2,97.6,2.1,2.4,2.1,020980100,,,,,,,45.9,1.6,7.9,0.7
AK439,Joint Base Elmendorf-Richardson,Census tract,Census Tract 9802,020980200,6725.0,2.13,25.25,4.8,1.8,98.5,1.1,1.5,1.1,020980200,,,,,,,44.8,2.5,19.6,7.1
AK438,Fort Wainwright,Census tract,Census Tract 9800,090980000,9798.0,0.45,26.24,1.9,1.4,99.0,1.0,1.0,1.0,090980000,,,,,,,39.7,1.8,16.3,5.0
AK2,Akhiok,Incorporated place,Akhiok city,00650,63.0,,,4.3,3.4,79.3,19.2,20.7,19.2,00650,12.6,6.4,5.0,3.0,9.2,2.7,99.1,42.5,54.4,16.0
AK3,Akiachak,Census designated place,Akiachak CDP,00760,677.0,,33.97,13.0,3.8,87.0,4.3,13.0,4.3,00760,14.2,12.0,8.4,5.4,16.2,4.1,97.7,31.9,50.2,57.7
AK4,Akiak,Incorporated place,Akiak city,00870,462.0,,41.13,16.1,5.1,86.6,6.0,13.4,6.0,00870,14.2,12.2,8.3,5.3,16.1,4.1,99.0,19.4,42.7,56.9
AK5,Akutan,Incorporated place,Akutan city,01090,1589.0,,1.38,5.3,3.7,52.2,9.1,47.8,9.1,01090,7.3,4.3,4.2,2.5,11.6,2.3,86.7,21.7,33.7,54.4
AK6,Alakanuk,Incorporated place,Alakanuk city,01200,756.0,5.95,41.4,16.1,3.8,85.1,5.0,14.9,5.0,01200,14.6,13.7,9.6,6.0,18.6,4.6,100.0,25.3,59.2,38.7
AK7,Alatna,Census designated place,Alatna CDP,01305,15.0,,,70.0,34.8,70.0,34.8,30.0,34.8,01305,,,,,,,,,,
AK488,Alcan Border,Census designated place,Alcan Border CDP,01390,36.0,,,28.1,5.4,100.0,16.9,,16.9,01390,,,,,,,85.3,,,
AK8,Aleknagik,Incorporated place,Aleknagik city,01420,211.0,,24.64,12.8,7.9,69.2,8.9,30.8,8.9,01420,12.3,9.6,7.7,4.4,13.6,3.6,95.2,10.5,36.8,22.0
AK1,Afognak,Census designated place,Aleneva CDP,01560,5.0,,,16.7,10.8,66.7,16.5,33.3,16.5,01560,,,,,,,,,,
AK489,Aleneva,Census designated place,Aleneva CDP,01560,5.0,,,16.7,10.8,66.7,16.5,33.3,16.5,01560,,,,,,,,,,
AK11,Allakaket,Incorporated place,Allakaket city,01860,177.0,,31.64,18.7,6.6,85.6,7.6,14.4,7.6,01860,12.3,8.7,8.0,4.6,13.9,3.9,80.3,17.4,67.1,88.9
AK12,Ambler,Incorporated place,Ambler city,01970,274.0,,37.96,16.4,7.0,72.0,12.9,28.0,12.9,01970,13.4,12.4,9.1,5.5,16.7,4.3,81.7,23.0,74.7,54.5
AK13,Anaktuvuk Pass,Incorporated place,Anaktuvuk Pass city,02080,425.0,,39.53,9.2,4.4,73.6,7.9,26.4,7.9,02080,12.6,7.3,5.0,3.2,10.1,2.8,96.9,31.1,43.6,50.7
AK14,Anchor Point,Census designated place,Anchor Point CDP,03110,2105.0,22.76,19.62,26.4,3.9,82.9,4.5,17.1,4.5,03110,9.8,8.0,6.6,3.3,9.9,3.1,16.9,9.8,24.3,16.7
AK16,Anderson,Incorporated place,Anderson city,03220,177.0,,32.77,10.6,6.4,98.7,2.4,1.3,2.4,03220,9.3,6.7,5.7,2.8,9.1,2.7,17.3,6.5,12.3,24.0
AK81,Clear,Incorporated place,Anderson city,03220,177.0,,32.77,10.6,6.4,98.7,2.4,1.3,2.4,03220,9.3,6.7,5.7,2.8,9.1,2.7,17.3,6.5,12.3,24.0
AK18,Angoon,Incorporated place,Angoon city,03440,357.0,18.21,25.21,15.3,6.3,59.6,7.4,40.4,7.4,03440,11.0,7.5,7.3,4.1,13.0,3.6,79.4,9.6,32.3,37.7
AK19,Aniak,Incorporated place,Aniak city,03550,507.0,,28.99,9.9,3.0,74.7,12.8,25.3,12.8,03550,13.1,11.4,8.0,4.8,14.8,3.8,82.1,18.9,29.9,20.6
AK21,Anvik,Incorporated place,Anvik city,03880,70.0,,,14.1,7.9,57.6,17.7,42.4,17.7,03880,13.4,10.9,8.8,5.2,15.8,4.2,98.9,15.9,29.0,31.3
AK22,Arctic Village,Census designated place,Arctic Village CDP,03990,151.0,,,15.3,6.1,89.5,5.3,10.5,5.3,03990,13.2,9.4,7.1,4.3,13.3,3.5,99.1,20.2,54.7,79.7
AK23,Atka,Incorporated place,Atka city,04210,53.0,,,2.3,5.8,55.8,19.0,44.2,19.0,04210,11.4,8.1,7.7,4.4,14.5,3.7,,,,
AK24,Atmautluak,Census designated place,Atmautluak CDP,04430,386.0,,39.64,14.7,5.3,81.1,7.5,18.9,7.5,04430,14.4,12.4,8.7,5.6,16.9,4.3,100.0,34.8,52.4,30.0
AK25,Atqasuk,Incorporated place,Atqasuk city,04500,276.0,,37.32,14.1,6.3,80.0,9.7,20.0,9.7,04500,12.3,7.7,5.6,3.6,10.9,3.1,97.8,21.3,31.5,12.1
AK26,Attu,Census designated place,Attu Station CDP,04670,,,,,,,,,,04670,,,,,,,,,,
AK490,Badger,Census designated place,Badger CDP,05000,19031.0,9.28,27.27,12.7,2.7,87.7,2.4,12.3,2.4,05000,9.7,5.2,3.7,2.1,6.7,2.1,25.4,7.5,12.2,12.4
AK491,Bear Creek,Census designated place,Bear Creek CDP,05585,2129.0,13.48,22.08,8.1,5.3,92.9,5.3,7.1,5.3,05585,10.3,7.9,5.7,3.0,9.8,2.7,15.9,1.9,25.5,5.0
AK31,Beaver,Census designated place,Beaver CDP,05750,48.0,,,10.2,7.7,83.0,14.7,17.0,14.7,05750,13.6,10.1,8.2,5.0,15.8,4.0,100.0,12.7,47.8,83.7
AK492,Beluga,Census designated place,Beluga CDP,06245,34.0,,,,100.0,40.0,60.0,60.0,60.0,06245,,,,,,,,,,
AK36,Bethel,Incorporated place,Bethel city,06520,6325.0,7.92,30.15,8.3,2.2,81.7,4.6,18.3,4.6,06520,11.5,6.8,5.0,3.1,10.0,2.8,78.0,8.7,18.4,9.5
AK37,Bettles,Incorporated place,Bettles city,06630,23.0,,,,100.0,100.0,100.0,,100.0,06630,,,,,,,,,,
AK38,Big Delta,Census designated place,Big Delta CDP,06850,444.0,20.05,21.17,18.0,9.2,84.5,11.0,15.5,11.0,06850,9.6,6.7,5.3,2.7,8.1,2.6,6.5,,6.3,46.7
AK39,Big Lake,Census designated place,Big Lake CDP,07070,3833.0,19.38,21.63,16.4,4.3,79.8,4.0,20.2,4.0,07070,9.9,8.2,6.0,3.2,9.3,2.9,21.2,3.9,26.1,12.7
AK42,Birch Creek,Census designated place,Birch Creek CDP,07620,35.0,,,,100.0,50.0,50.0,50.0,50.0,07620,,,,,,,,,,
AK47,Brevig Mission,Incorporated place,Brevig Mission city,08740,428.0,,36.21,10.8,4.0,89.4,4.2,10.6,4.2,08740,13.7,9.9,6.4,4.1,12.9,3.3,97.6,18.6,72.0,29.2
AK48,Buckland,Incorporated place,Buckland city,09600,550.0,,43.64,9.5,3.4,70.9,5.6,29.1,5.6,09600,13.4,9.0,5.9,3.9,11.7,3.1,97.2,17.7,40.6,15.3
AK493,Buffalo Soapstone,Census designated place,Buffalo Soapstone CDP,09657,1021.0,,24.49,7.2,2.8,76.7,9.3,23.3,9.3,09657,9.8,6.4,4.6,2.5,7.3,2.5,18.1,11.2,21.1,18.5
AK45,Bodenburg Butte,Census designated place,Butte CDP,09710,3589.0,15.83,24.63,15.2,2.5,87.4,3.4,12.6,3.4,09710,9.7,6.9,5.3,2.8,8.2,2.7,18.7,5.9,10.4,8.1
AK494,Butte,Census designated place,Butte CDP,09710,3589.0,15.83,24.63,15.2,2.5,87.4,3.4,12.6,3.4,09710,9.7,6.9,5.3,2.8,8.2,2.7,18.7,5.9,10.4,8.1
AK50,Cantwell,Census designated place,Cantwell CDP,10150,200.0,,15.0,34.8,15.9,90.0,7.4,10.0,7.4,10150,9.6,7.0,6.3,3.2,9.8,3.0,22.8,5.8,16.2,14.1
AK54,Central,Census designated place,Central CDP,11690,66.0,,,28.9,45.0,86.8,17.9,13.2,17.9,11690,11.3,14.5,10.9,5.2,16.3,4.3,,7.8,70.6,32.6
AK78,Circle Hot Springs,Census designated place,Central CDP,11690,66.0,,,28.9,45.0,86.8,17.9,13.2,17.9,11690,11.3,14.5,10.9,5.2,16.3,4.3,,7.8,70.6,32.6
AK57,Chalkyitsik,Census designated place,Chalkyitsik CDP,11800,56.0,,,3.4,4.6,81.4,14.1,18.6,14.1,11800,13.0,10.5,8.5,5.2,14.7,4.3,86.4,10.3,60.9,77.8
AK495,Chase,Census designated place,Chase CDP,12350,19.0,,,,,,,,,12350,,,,,,,,,,
AK61,Chefornak,Incorporated place,Chefornak city,12680,506.0,,39.72,18.6,4.4,81.1,4.7,18.9,4.7,12680,14.2,11.7,8.0,5.1,15.8,3.9,100.0,25.8,53.1,47.8
AK496,Chena Ridge,Census designated place,Chena Ridge CDP,12920,6015.0,12.9,23.34,6.3,2.9,88.2,5.1,11.8,5.1,12920,9.1,4.2,3.5,1.9,6.3,2.0,31.2,0.9,11.7,5.9
AK321,Port Ashton,Census designated place,Chenega CDP,12970,59.0,,,8.3,19.6,79.2,21.1,20.8,21.1,12970,10.2,5.8,5.6,3.1,10.1,3.0,70.9,,9.1,42.9
AK63,Chenega Bay,Census designated place,Chenega CDP,12970,59.0,,,8.3,19.6,79.2,21.1,20.8,21.1,12970,10.2,5.8,5.6,3.1,10.1,3.0,70.9,,9.1,42.9
AK64,Chevak,Incorporated place,Chevak city,13230,951.0,7.26,39.75,13.6,6.9,82.0,6.6,18.0,6.6,13230,14.3,11.3,7.2,4.6,14.9,3.5,79.8,10.1,47.6,23.9
AK65,Chickaloon,Census designated place,Chickaloon CDP,13340,254.0,,12.6,26.6,13.4,85.0,9.0,15.0,9.0,13340,10.3,9.7,6.9,3.6,11.0,3.2,11.2,3.3,11.7,25.7
AK66,Chicken,Census designated place,Chicken CDP,13450,12.0,,,58.3,15.9,100.0,71.2,,71.2,13450,,,,,,,,,,
AK68,Chignik Lagoon,Census designated place,Chignik Lagoon CDP,13670,72.0,,33.33,28.6,16.3,77.1,20.1,22.9,20.1,13670,11.7,9.9,8.6,4.9,14.3,4.1,,,,
AK69,Chignik Lake,Census designated place,Chignik Lake CDP,13780,61.0,,,21.2,17.0,78.8,16.2,21.2,16.2,13780,12.7,9.2,7.8,4.8,14.7,4.0,,,,
AK70,Chiniak,Census designated place,Chiniak CDP,13860,61.0,,,,,,,,,13860,,,,,,,,,,
AK71,Chisana,Census designated place,Chisana CDP,13890,,,,,,,,,,13890,,,,,,,,,,
AK167,Indian River,Census designated place,Chistochina CDP,14000,60.0,,,19.2,25.2,42.3,24.0,57.7,24.0,14000,10.7,8.3,7.7,4.3,12.6,3.8,,,,
AK72,Chistochina,Census designated place,Chistochina CDP,14000,60.0,,,19.2,25.2,42.3,24.0,57.7,24.0,14000,10.7,8.3,7.7,4.3,12.6,3.8,,,,
AK73,Chitina,Census designated place,Chitina CDP,14110,101.0,,34.65,9.9,14.2,46.5,26.3,53.5,26.3,14110,10.7,7.4,5.8,3.1,9.3,2.8,58.0,22.4,42.0,30.6
AK75,Chuathbaluk,Incorporated place,Chuathbaluk city,14330,104.0,,39.42,9.0,7.5,80.9,8.6,19.1,8.6,14330,13.6,10.1,7.0,4.5,13.7,3.6,95.7,21.2,75.3,31.0
AK77,Circle,Census designated place,Circle CDP,14880,91.0,,23.08,9.5,12.5,64.3,22.4,35.7,22.4,14880,13.2,11.7,9.5,5.5,16.8,4.4,,,,
AK79,Clam Gulch,Census designated place,Clam Gulch CDP,15320,207.0,,,16.3,8.6,80.1,18.5,19.9,18.5,15320,9.4,8.0,6.9,3.4,10.6,3.2,3.5,3.6,21.7,15.4
AK80,Clark's Point,Incorporated place,Clark's Point city,15430,67.0,,31.34,16.2,14.1,62.2,24.6,37.8,24.6,15430,12.4,10.7,8.9,5.4,17.1,4.3,,,,
AK83,Coffman Cove,Incorporated place,Coffman Cove city,16360,127.0,,,24.5,10.0,95.5,5.7,4.5,5.7,16360,10.0,10.1,7.8,3.8,11.9,3.4,6.3,11.9,52.4,33.3
AK84,Cohoe,Census designated place,Cohoe CDP,16420,1471.0,24.61,17.13,20.0,6.8,84.0,8.2,16.0,8.2,16420,9.6,7.3,6.0,3.0,9.3,2.9,22.0,5.6,24.9,25.5
AK85,Cold Bay,Incorporated place,Cold Bay city,16530,50.0,,,5.9,5.2,98.3,2.5,1.7,2.5,16530,10.6,7.4,4.8,2.7,9.0,2.4,79.6,2.4,,63.8
AK497,Coldfoot,Census designated place,Coldfoot CDP,16630,34.0,,,,8.0,81.0,34.2,19.0,34.2,16630,,,,,,,46.6,,,
AK86,College,Census designated place,College CDP,16750,11332.0,13.85,21.5,9.2,2.0,91.8,2.4,8.2,2.4,16750,9.5,4.4,3.5,2.0,6.3,2.0,38.6,4.4,18.3,7.0
AK87,Cooper Landing,Census designated place,Cooper Landing CDP,17190,344.0,28.78,9.01,5.7,9.2,87.8,16.0,12.2,16.0,17190,8.7,7.6,7.7,3.7,10.2,3.6,0.9,,7.4,24.7
AK88,Copper Center,Census designated place,Copper Center CDP,17300,338.0,,26.92,23.9,11.0,70.3,15.6,29.7,15.6,17300,10.6,6.8,5.4,3.1,9.8,2.9,68.7,11.5,23.6,16.5
AK123,Eyak,Incorporated place,Cordova city,17410,2609.0,15.91,21.39,8.7,4.4,84.0,5.8,16.0,5.8,17410,9.0,5.5,4.7,2.6,8.2,2.5,36.0,7.3,6.6,7.9
AK89,Cordova,Incorporated place,Cordova city,17410,2609.0,15.91,21.39,8.7,4.4,84.0,5.8,16.0,5.8,17410,9.0,5.5,4.7,2.6,8.2,2.5,36.0,7.3,6.6,7.9
AK498,Covenant Life,Census designated place,Covenant Life CDP,17670,25.0,,,100.0,82.2,100.0,82.2,,82.3,17670,9.0,7.2,6.4,3.2,9.4,3.1,,,,
AK92,Crooked Creek,Census designated place,Crooked Creek CDP,17850,90.0,,35.56,28.1,12.9,75.4,13.2,24.6,13.2,17850,13.0,11.2,8.8,5.4,15.7,4.2,100.0,29.7,50.8,60.0
AK499,Crown Point,Census designated place,Crown Point CDP,17960,119.0,,16.81,29.8,45.7,82.5,25.5,17.5,25.5,17960,9.4,5.1,4.0,2.2,6.7,2.2,,,28.6,
AK94,Deering,Incorporated place,Deering city,18510,182.0,,40.11,11.3,6.5,74.0,11.5,26.0,11.5,18510,13.4,11.7,8.8,5.2,16.7,4.1,98.8,18.6,30.7,14.3
AK95,Delta Junction,Incorporated place,Delta Junction city,18620,918.0,16.23,24.84,19.7,5.5,75.3,7.5,24.7,7.5,18620,9.4,6.1,4.7,2.4,7.2,2.4,19.9,5.3,24.3,25.0
AK500,Deltana,Census designated place,Deltana CDP,18675,2359.0,17.72,25.82,12.9,3.2,85.0,6.7,15.0,6.7,18675,9.5,6.4,4.9,2.6,7.5,2.5,19.9,4.0,9.9,25.3
AK501,Denali Park,Census designated place,Denali Park CDP,18805,163.0,,15.34,12.2,17.6,79.8,23.4,20.2,23.4,18805,9.5,6.5,5.0,2.5,8.1,2.5,14.0,0.6,43.5,34.1
AK502,Diamond Ridge,Census designated place,Diamond Ridge CDP,18925,1330.0,17.67,19.25,9.6,3.3,90.5,3.1,9.5,3.1,18925,9.4,5.7,4.9,2.5,7.9,2.5,9.9,4.7,6.0,12.6
AK180,Kanakanak,Incorporated place,Dillingham city,18950,2249.0,11.16,27.92,12.3,2.5,82.5,3.7,17.5,3.7,18950,11.0,6.8,5.6,3.2,10.1,3.0,77.6,10.2,17.3,11.5
AK96,Dillingham,Incorporated place,Dillingham city,18950,2249.0,11.16,27.92,12.3,2.5,82.5,3.7,17.5,3.7,18950,11.0,6.8,5.6,3.2,10.1,3.0,77.6,10.2,17.3,11.5
AK97,Diomede,Incorporated place,Diomede city,19060,83.0,,39.76,10.8,9.9,67.7,10.7,32.3,10.7,19060,12.4,10.8,8.2,4.8,14.9,3.8,100.0,20.0,73.8,39.4
AK98,Dot Lake,Census designated place,Dot Lake CDP,19720,21.0,,,,,,,,,19720,,,,,,,,,,
AK503,Dot Lake Village,Census designated place,Dot Lake Village CDP,19750,23.0,,,68.2,33.0,77.3,34.3,22.7,34.3,19750,12.3,8.4,6.6,3.9,12.5,3.5,,,,
AK100,Dry Creek,Census designated place,Dry Creek CDP,20020,61.0,,,32.1,16.5,63.7,29.1,36.3,29.1,20020,9.9,9.4,7.5,3.9,10.3,3.6,,,16.4,
AK102,Eagle,Incorporated place,Eagle city,20380,83.0,,,25.7,14.3,89.0,8.2,11.0,8.2,20380,10.0,11.5,9.1,4.4,13.3,3.9,4.7,3.5,26.2,57.1
AK104,Eagle Village,Census designated place,Eagle Village CDP,20600,53.0,,,20.0,15.6,57.5,23.9,42.5,23.9,20600,10.7,8.8,7.2,4.0,13.3,3.4,,,,
AK105,Edna Bay,Incorporated place,Edna Bay city,20970,25.0,,,7.5,14.2,42.5,29.2,57.5,29.2,20970,,,,,,,,,,
AK106,Eek,Incorporated place,Eek city,21040,404.0,,34.65,7.8,2.8,77.8,5.2,22.2,5.2,21040,13.8,12.7,9.6,5.8,18.1,4.4,100.0,24.2,51.9,40.9
AK108,Egegik,Incorporated place,Egegik city,21150,39.0,,,23.5,37.2,78.4,30.7,21.6,30.7,21150,10.6,9.8,8.2,4.3,14.1,3.6,,,,
AK442,Eielson Air Force Base,Census designated place,Eielson AFB CDP,21370,2610.0,,30.61,2.0,1.7,99.1,1.3,0.9,1.3,21370,9.1,2.0,0.9,0.7,1.9,0.9,36.5,2.8,19.9,
AK112,Ekwok,Incorporated place,Ekwok city,21810,111.0,,,10.3,9.5,83.8,14.9,16.2,14.9,21810,12.7,9.4,7.6,4.8,14.7,3.8,98.1,38.7,47.2,38.9
AK115,Elim,Incorporated place,Elim city,22250,366.0,,37.16,4.1,2.3,71.4,10.9,28.6,10.9,22250,13.2,10.2,6.9,4.3,13.3,3.5,99.6,11.4,57.5,19.0
AK117,Emmonak,Incorporated place,Emmonak city,22910,825.0,6.18,37.58,14.9,3.3,75.4,5.1,24.6,5.1,22910,14.3,12.8,8.9,5.5,17.5,4.2,99.4,22.7,47.7,25.7
AK219,Kwiguk,Incorporated place,Emmonak city,22910,825.0,6.18,37.58,14.9,3.3,75.4,5.1,24.6,5.1,22910,14.3,12.8,8.9,5.5,17.5,4.2,99.4,22.7,47.7,25.7
AK120,Ester,Census designated place,Ester CDP,23460,2416.0,14.4,18.13,16.8,12.1,85.5,8.7,14.5,8.7,23460,9.0,4.3,3.5,1.9,5.9,2.0,11.0,10.0,7.5,8.1
AK504,Eureka Roadhouse,Census designated place,Eureka Roadhouse CDP,23720,24.0,,,,,,,,,23720,,,,,,,,,,
AK505,Evansville,Census designated place,Evansville CDP,23790,12.0,,,25.0,75.0,75.0,75.0,25.0,75.0,23790,,,,,,,,,,
AK122,Excursion Inlet,Census designated place,Excursion Inlet CDP,23900,40.0,,,,41.1,91.7,22.9,8.3,22.9,23900,,,,,,,,,,
AK125,False Pass,Incorporated place,False Pass city,24660,397.0,,,1.3,3.1,54.7,21.5,45.3,21.5,24660,,,,,,,86.8,,,75.0
AK163,Ikatan,Incorporated place,False Pass city,24660,397.0,,,1.3,3.1,54.7,21.5,45.3,21.5,24660,,,,,,,86.8,,,75.0
AK252,Morzhovoi,Incorporated place,False Pass city,24660,397.0,,,1.3,3.1,54.7,21.5,45.3,21.5,24660,,,,,,,86.8,,,75.0
AK507,Farmers Loop,Census designated place,Farmers Loop CDP,24980,4704.0,15.07,23.04,17.1,7.1,92.0,3.9,8.0,3.9,24980,9.4,5.1,4.1,2.2,7.0,2.3,22.3,4.9,10.8,13.3
AK506,Farm Loop,Census designated place,Farm Loop CDP,25000,2747.0,12.74,28.76,7.1,2.3,88.5,4.1,11.5,4.1,25000,9.8,6.5,4.9,2.6,7.5,2.6,17.7,3.2,8.3,3.6
AK126,Ferry,Census designated place,Ferry CDP,25220,17.0,,,73.9,50.2,100.0,51.5,,51.5,25220,,,,,,,,,,
AK508,Fishhook,Census designated place,Fishhook CDP,25550,5048.0,11.11,30.59,14.3,3.8,86.8,5.5,13.2,5.5,25550,9.8,6.0,4.2,2.3,6.7,2.3,22.2,6.6,10.2,4.1
AK128,Flat,Census designated place,Flat CDP,25880,,,,,,,,,,25880,,,,,,,,,,
AK161,Iditarod,Census designated place,Flat CDP,25880,,,,,,,,,,25880,,,,,,,,,,
AK440,Fort Greely,Census designated place,Fort Greely CDP,26100,309.0,,33.01,29.3,33.1,100.0,25.5,,25.5,26100,8.7,5.2,4.2,2.1,6.9,2.1,62.7,,,
AK130,Fort Yukon,Incorporated place,Fort Yukon city,26760,428.0,15.42,26.17,18.3,4.3,88.3,5.1,11.7,5.1,26760,13.1,11.1,8.9,5.3,16.3,4.2,87.9,20.5,27.6,66.8
AK509,Four Mile Road,Census designated place,Four Mile Road CDP,26835,18.0,,,100.0,100.0,,100.0,100.0,100.0,26835,,,,,,,,,,
AK131,Fox,Census designated place,Fox CDP,26870,406.0,19.46,18.23,67.9,3.9,34.2,7.6,65.8,7.6,26870,9.1,4.8,4.3,2.2,7.0,2.3,,29.6,37.3,100.0
AK510,Fox River,Census designated place,Fox River CDP,26910,644.0,,37.27,5.9,3.3,79.1,14.6,20.9,14.6,26910,9.8,4.8,3.1,1.7,5.0,1.7,0.9,40.6,49.8,40.3
AK511,Fritz Creek,Census designated place,Fritz Creek CDP,27090,2248.0,20.11,18.99,13.6,2.7,78.4,4.5,21.6,4.5,27090,9.8,7.1,5.7,2.9,8.8,2.7,15.8,2.5,12.5,13.9
AK512,Funny River,Census designated place,Funny River CDP,27145,1103.0,33.82,17.14,14.3,6.3,83.9,8.1,16.1,8.1,27145,9.7,9.3,8.3,3.9,11.8,3.6,14.0,10.8,21.5,25.3
AK132,Gakona,Census designated place,Gakona CDP,27420,169.0,24.26,27.22,9.3,7.9,77.2,18.6,22.8,18.6,27420,9.9,8.3,6.9,3.5,11.1,3.2,14.3,,55.7,50.0
AK133,Galena,Incorporated place,Galena city,27530,472.0,11.65,29.45,9.1,3.3,85.0,6.2,15.0,6.2,27530,12.1,9.4,7.5,4.4,13.5,3.8,70.9,7.6,18.2,33.7
AK513,Game Creek,Census designated place,Game Creek CDP,27700,23.0,,,,,,,,,27700,,,,,,,,,,
AK239,Matanuska,Census designated place,Gateway CDP,28200,5748.0,9.67,32.97,10.2,2.6,92.7,2.5,7.3,2.5,28200,9.5,5.3,3.8,2.1,6.4,2.2,30.2,3.4,5.8,4.9
AK514,Gateway,Census designated place,Gateway CDP,28200,5748.0,9.67,32.97,10.2,2.6,92.7,2.5,7.3,2.5,28200,9.5,5.3,3.8,2.1,6.4,2.2,30.2,3.4,5.8,4.9
AK515,Glacier View,Census designated place,Glacier View CDP,28590,375.0,,25.07,14.2,9.5,93.2,8.2,6.8,8.2,28590,10.2,10.1,7.3,3.8,11.0,3.5,10.0,3.4,32.0,32.3
AK137,Glennallen,Census designated place,Glennallen CDP,28740,439.0,22.1,22.32,4.1,4.1,66.9,23.0,33.1,23.0,28740,10.2,6.9,5.1,2.7,8.4,2.5,31.1,,6.3,52.5
AK516,Goldstream,Census designated place,Goldstream CDP,29130,3299.0,14.79,19.92,7.2,6.3,91.0,7.0,9.0,7.0,29130,9.1,4.5,3.5,2.0,6.2,2.0,6.2,,7.7,10.9
AK138,Golovin,Incorporated place,Golovin city,29180,175.0,,33.14,5.6,4.6,72.5,8.9,27.5,8.9,29180,13.0,11.1,7.7,4.8,15.1,3.8,95.1,,35.0,13.8
AK139,Goodnews Bay,Incorporated place,Goodnews Bay city,29290,258.0,,36.05,10.2,5.9,84.3,10.6,15.7,10.6,29290,13.8,11.9,8.3,5.3,16.4,4.1,89.0,37.2,72.6,25.0
AK140,Grayling,Incorporated place,Grayling city,30060,210.0,,37.62,12.5,5.6,77.0,10.3,23.0,10.3,30060,13.3,9.4,7.6,4.6,13.3,3.7,99.6,34.1,45.3,47.1
AK141,Gulkana,Census designated place,Gulkana CDP,30500,110.0,,37.27,30.1,29.0,56.6,25.6,43.4,25.6,30500,11.4,6.8,6.4,3.7,11.3,3.3,95.5,9.3,19.4,40.0
AK142,Gustavus,Incorporated place,Gustavus city,30940,655.0,26.56,18.32,13.8,5.0,93.1,5.2,6.9,5.2,30940,9.8,8.6,6.9,3.4,10.4,3.2,12.3,5.0,7.2,37.8
AK143,Haines,Census designated place,Haines CDP,31050,1657.0,21.54,18.53,20.2,6.0,91.8,3.9,8.2,3.9,31050,9.7,7.4,6.5,3.3,10.0,3.2,24.4,3.1,20.2,13.4
AK517,Halibut Cove,Census designated place,Halibut Cove CDP,31270,60.0,,,16.5,11.8,93.6,8.7,6.4,8.7,31270,10.1,8.5,7.3,3.4,10.1,3.1,23.9,3.3,7.8,
AK518,Happy Valley,Census designated place,Happy Valley CDP,31710,713.0,29.45,15.29,30.5,6.2,89.4,4.6,10.6,4.6,31710,9.6,8.6,7.5,3.6,11.0,3.3,12.4,6.7,21.0,27.8
AK519,Harding-Birch Lakes,Census designated place,Harding-Birch Lakes CDP,31765,253.0,,16.21,21.8,10.4,81.6,14.6,18.4,14.6,31765,9.0,7.1,6.2,3.1,10.0,3.0,14.7,,40.0,
AK146,Healy,Census designated place,Healy CDP,32150,966.0,16.25,20.6,14.8,5.3,90.2,6.8,9.8,6.8,32150,9.5,6.3,4.8,2.5,8.1,2.4,28.6,1.5,6.6,12.8
AK378,Suntrana,Census designated place,Healy CDP,32150,966.0,16.25,20.6,14.8,5.3,90.2,6.8,9.8,6.8,32150,9.5,6.3,4.8,2.5,8.1,2.4,28.6,1.5,6.6,12.8
AK147,Healy Lake,Census designated place,Healy Lake CDP,32310,24.0,,,,93.3,85.7,26.9,14.3,26.9,32310,,,,,,,,,,
AK520,Hobart Bay,Census designated place,Hobart Bay CDP,32550,1.0,,,,,,,,,32550,,,,,,,,,,
AK150,Hollis,Census designated place,Hollis CDP,32810,65.0,,,19.7,10.3,84.8,10.6,15.2,10.6,32810,10.4,7.6,5.1,2.7,8.5,2.5,32.3,,25.4,39.3
AK151,Holy Cross,Incorporated place,Holy Cross city,33030,176.0,,,20.6,6.0,80.9,9.2,19.1,9.2,33030,13.1,11.1,8.8,5.3,16.5,4.2,98.3,10.4,42.1,30.9
AK152,Homer,Incorporated place,Homer city,33140,5522.0,22.31,20.68,13.7,1.9,86.4,2.0,13.6,2.0,33140,9.7,6.9,6.0,3.0,8.9,3.0,19.7,4.8,20.7,9.6
AK153,Hoonah,Incorporated place,Hoonah city,33360,931.0,19.66,25.35,22.9,5.3,75.4,5.7,24.6,5.7,33360,11.0,8.2,7.3,4.0,12.5,3.6,75.2,6.1,25.9,36.0
AK154,Hooper Bay,Incorporated place,Hooper Bay city,33470,1375.0,,46.25,9.7,3.5,85.0,6.6,15.0,6.6,33470,14.7,12.4,8.1,5.2,16.3,4.0,93.1,17.4,58.6,24.1
AK155,Hope,Census designated place,Hope CDP,33580,161.0,,18.63,35.4,33.5,31.6,39.2,68.4,39.2,33580,9.0,7.4,7.4,3.5,10.0,3.4,21.9,13.8,52.4,
AK156,Houston,Incorporated place,Houston city,33800,1975.0,13.27,24.91,13.2,3.1,83.3,3.9,16.7,3.9,33800,10.4,8.1,5.4,2.9,8.7,2.7,18.7,5.5,32.5,17.6
AK157,Hughes,Incorporated place,Hughes city,33910,85.0,,,25.0,12.3,64.3,15.8,35.7,15.8,33910,12.6,9.5,8.6,5.2,15.1,4.4,,,,
AK158,Huslia,Incorporated place,Huslia city,34350,304.0,,37.5,12.0,4.2,75.3,7.2,24.7,7.2,34350,12.8,9.2,8.3,4.9,14.0,4.1,97.0,2.7,47.8,47.1
AK159,Hydaburg,Incorporated place,Hydaburg city,34460,380.0,,28.16,20.9,7.0,53.2,9.4,46.8,9.4,34460,12.1,8.5,7.4,4.2,13.2,3.7,83.7,8.2,42.9,41.3
AK160,Hyder,Census designated place,Hyder CDP,34570,48.0,,,,71.2,100.0,71.2,,71.2,34570,8.6,6.7,6.1,3.1,9.0,3.1,,,,
AK162,Igiugig,Census designated place,Igiugig CDP,34790,68.0,,,16.7,10.2,61.7,12.9,38.3,12.9,34790,13.3,7.5,5.5,3.5,10.7,3.1,91.7,32.3,1.7,43.8
AK164,Iliamna,Census designated place,Iliamna CDP,35120,108.0,,,7.0,9.6,60.5,23.1,39.5,23.1,35120,12.1,8.9,6.4,3.7,11.4,3.2,,,,
AK169,Ivanof Bay,Census designated place,Ivanof Bay CDP,35890,1.0,,,,,,,,,35890,,,,,,,,,,
AK173,Kachemak,Incorporated place,Kachemak city,36540,576.0,31.42,17.88,13.9,4.7,83.3,6.0,16.7,6.0,36540,9.9,8.7,7.1,3.6,10.8,3.4,18.1,5.6,20.7,10.3
AK174,Kake,Incorporated place,Kake city,36770,543.0,16.76,28.55,13.7,4.0,62.9,9.0,37.1,9.0,36770,10.8,7.0,6.5,3.8,11.5,3.5,83.4,8.2,29.7,37.7
AK176,Kaktovik,Incorporated place,Kaktovik city,36990,283.0,,32.51,16.7,7.8,70.1,8.3,29.9,8.3,36990,12.4,8.6,6.6,4.2,12.6,3.5,96.7,18.1,24.6,21.3
AK177,Kalifornsky,Census designated place,Kalifornsky CDP,37250,8487.0,15.74,23.24,12.8,3.5,87.8,5.0,12.2,5.0,37250,9.8,6.5,5.1,2.7,8.2,2.6,23.9,5.1,10.8,17.4
AK179,Kaltag,Incorporated place,Kaltag city,37430,158.0,,22.78,16.7,7.5,70.3,10.1,29.7,10.1,37430,12.2,8.8,7.7,4.6,13.7,3.8,83.8,5.6,22.2,59.4
AK181,Karluk,Census designated place,Karluk CDP,37540,27.0,,,,46.6,25.0,29.0,75.0,29.0,37540,,,,,,,,,,
AK182,Kasaan,Incorporated place,Kasaan city,37650,30.0,,,34.0,16.2,64.0,19.8,36.0,19.8,37650,,,,,,,52.2,8.7,25.0,14.6
AK185,Kasigluk,Census designated place,Kasigluk CDP,37975,623.0,,38.2,12.3,3.9,79.0,5.6,21.0,5.6,37975,14.1,11.6,8.0,5.1,15.5,4.0,98.2,29.7,62.1,25.3
AK186,Kasilof,Census designated place,Kasilof CDP,38090,525.0,,17.71,,3.1,79.1,18.6,20.9,18.6,38090,9.6,7.1,6.0,3.0,9.1,2.9,,,8.9,
AK188,Kenai,Incorporated place,Kenai city,38420,7424.0,14.29,26.76,17.0,4.2,89.4,3.1,10.6,3.1,38420,10.5,7.1,5.3,2.8,8.5,2.7,30.0,7.7,19.3,11.8
AK189,Kenny Lake,Census designated place,Kenny Lake CDP,38910,234.0,,21.37,20.2,25.7,100.0,11.9,,11.9,38910,9.9,8.0,6.6,3.4,10.4,3.1,2.2,,67.4,11.4
AK232,Lower Tonsina,Census designated place,Kenny Lake CDP,38910,234.0,,21.37,20.2,25.7,100.0,11.9,,11.9,38910,9.9,8.0,6.6,3.4,10.4,3.1,2.2,,67.4,11.4
AK191,Ketchikan,Incorporated place,Ketchikan city,38970,8192.0,15.98,21.75,15.3,2.0,88.9,2.0,11.1,2.0,38970,9.9,6.8,5.4,3.0,9.4,2.8,47.1,7.7,21.0,14.1
AK192,Kiana,Incorporated place,Kiana city,39300,447.0,,35.57,10.4,3.9,82.6,5.4,17.4,5.4,39300,13.1,11.9,9.6,5.7,16.7,4.4,93.8,11.1,29.8,17.1
AK196,King Salmon,Census designated place,King Salmon CDP,39630,307.0,15.31,23.13,11.2,5.0,87.9,6.2,12.1,6.2,39630,9.8,6.3,5.0,2.7,8.6,2.6,47.9,3.7,2.3,20.8
AK197,Kipnuk,Census designated place,Kipnuk CDP,39740,704.0,,36.65,16.1,4.9,81.1,6.0,18.9,6.0,39740,14.0,12.1,8.6,5.5,16.6,4.2,99.4,25.5,60.0,34.2
AK198,Kivalina,Incorporated place,Kivalina city,39960,444.0,,42.12,15.6,10.1,71.8,5.5,28.2,5.5,39960,14.2,10.3,6.9,4.4,13.6,3.5,93.1,22.5,40.0,23.6
AK202,Klukwan,Census designated place,Klukwan CDP,40510,87.0,,,41.0,14.1,73.8,15.0,26.2,15.0,40510,12.0,10.3,9.0,5.3,15.9,4.5,84.5,20.0,32.4,27.6
AK203,Knik,Census designated place,Knik-Fairview CDP,40645,19297.0,9.96,30.79,15.5,2.1,88.5,2.2,11.5,2.2,40645,9.9,6.0,4.1,2.3,6.6,2.2,23.3,7.8,15.6,9.4
AK521,Knik River,Census designated place,Knik River CDP,40670,792.0,14.9,20.33,16.9,6.2,74.9,7.8,25.1,7.8,40670,9.7,6.4,4.7,2.5,7.6,2.5,18.8,14.5,17.6,18.1
AK204,Kobuk,Incorporated place,Kobuk city,40840,191.0,,41.88,5.3,5.0,78.1,10.7,21.9,10.7,40840,13.7,9.7,6.1,3.9,12.2,3.2,91.7,26.5,44.2,34.3
AK205,Kodiak,Incorporated place,Kodiak city,40950,5581.0,14.1,21.7,11.9,3.6,85.9,4.0,14.1,4.0,40950,8.4,4.8,4.3,2.5,9.1,2.4,64.5,13.8,11.3,10.5
AK522,Kodiak Station,Census designated place,Kodiak Station CDP,41210,1673.0,,31.86,3.0,2.7,99.9,0.2,0.1,0.2,41210,9.2,2.2,1.1,0.7,2.0,0.9,25.7,1.4,11.6,6.4
AK206,Kokhanok,Census designated place,Kokhanok CDP,41280,152.0,,34.21,13.6,6.7,73.6,9.9,26.4,9.9,41280,13.0,7.8,5.4,3.6,11.4,3.2,83.5,8.8,46.8,44.2
AK208,Koliganek,Census designated place,Koliganek CDP,41500,183.0,,42.08,12.3,5.2,72.5,7.7,27.5,7.7,41500,13.0,9.3,7.2,4.6,14.4,3.7,99.2,17.6,34.5,33.3
AK209,Kongiganak,Census designated place,Kongiganak CDP,41610,486.0,,38.27,15.5,3.3,78.0,5.8,22.0,5.8,41610,14.0,11.7,8.2,5.2,16.2,4.0,99.4,17.5,48.7,29.4
AK210,Kotlik,Incorporated place,Kotlik city,41720,655.0,,40.15,14.2,4.0,88.8,3.3,11.2,3.3,41720,14.4,12.2,8.0,5.1,16.2,3.9,99.9,18.1,54.7,40.7
AK211,Kotzebue,Incorporated place,Kotzebue city,41830,3102.0,7.29,31.5,7.1,2.0,75.2,4.7,24.8,4.7,41830,11.9,6.9,5.4,3.3,10.2,3.0,83.1,8.5,19.0,11.8
AK212,Koyuk,Incorporated place,Koyuk city,41940,312.0,,39.74,9.9,4.9,89.3,4.6,10.7,4.6,41940,13.4,10.5,7.3,4.6,14.1,3.6,98.9,10.1,66.9,24.2
AK213,Koyukuk,Incorporated place,Koyukuk city,42050,98.0,,,36.5,13.7,73.1,16.5,26.9,16.5,42050,13.0,9.3,7.9,4.8,15.3,4.0,100.0,23.9,38.6,65.7
AK214,Kupreanof,Incorporated place,Kupreanof city,42160,21.0,,,,100.0,100.0,100.0,,100.0,42160,,,,,,,,,,
AK217,Kwethluk,Incorporated place,Kwethluk city,42380,812.0,,39.41,19.4,4.8,68.4,7.3,31.6,7.3,42380,14.2,11.9,8.2,5.3,15.9,4.1,98.4,35.2,62.4,40.5
AK218,Kwigillingok,Census designated place,Kwigillingok CDP,42490,380.0,,41.05,12.0,3.8,79.5,5.7,20.5,5.7,42490,13.9,13.2,10.1,6.3,18.5,4.7,98.3,20.5,30.6,18.6
AK523,Lake Louise,Census designated place,Lake Louise CDP,42805,15.0,,,,,,,,,42805,,,,,,,,,,
AK220,Lake Minchumina,Census designated place,Lake Minchumina CDP,42820,30.0,,,30.0,70.0,80.0,80.0,20.0,80.0,42820,,,,,,,,,,
AK221,Larsen Bay,Incorporated place,Larsen Bay city,43040,34.0,,,17.2,16.4,75.9,20.0,24.1,20.0,43040,11.7,9.9,8.9,5.2,15.3,4.4,,,,
AK524,Lazy Mountain,Census designated place,Lazy Mountain CDP,43260,1506.0,18.73,24.24,10.2,2.8,85.0,4.6,15.0,4.6,43260,9.7,7.0,5.3,2.8,8.1,2.7,10.0,3.7,15.8,6.5
AK226,Levelock,Census designated place,Levelock CDP,43810,69.0,,34.78,30.0,16.1,67.5,13.4,32.5,13.4,43810,12.1,7.5,5.1,3.3,11.2,2.8,,,,
AK228,Lime Village,Census designated place,Lime Village CDP,44030,13.0,,,46.2,45.1,46.2,20.9,53.8,20.9,44030,,,,,,,,,,
AK229,Livengood,Census designated place,Livengood CDP,44580,16.0,,,,93.3,100.0,93.3,,93.3,44580,,,,,,,,,,
AK230,Loring,Census designated place,Loring CDP,45020,,,,,,,,,,45020,,,,,,,,,,
AK525,Lowell Point,Census designated place,Lowell Point CDP,45295,79.0,,,,21.7,42.9,17.9,57.1,17.9,45295,9.0,8.4,6.8,3.2,9.8,2.9,14.5,,63.9,
AK231,Lower Kalskag,Incorporated place,Lower Kalskag city,45460,278.0,,34.53,5.5,3.0,79.2,6.6,20.8,6.6,45460,13.5,10.3,7.2,4.6,14.5,3.7,98.0,16.1,73.4,33.9
AK526,Lutak,Census designated place,Lutak CDP,45700,29.0,,,,11.2,65.8,9.1,34.2,9.1,45700,,,,,,,12.4,,82.2,
AK240,McCarthy,Census designated place,McCarthy CDP,45790,107.0,,,,,,,,,45790,,,,,,,,,,
AK241,McGrath,Incorporated place,McGrath city,46010,301.0,,,23.8,9.9,76.6,7.5,23.4,7.5,46010,12.4,11.5,8.4,4.6,14.1,3.7,79.2,7.4,28.6,36.0
AK234,Manley Hot Springs,Census designated place,Manley Hot Springs CDP,46780,169.0,,26.63,23.8,22.4,76.2,25.3,23.8,25.3,46780,10.6,9.6,7.8,4.1,11.8,3.7,,,,
AK235,Manokotak,Incorporated place,Manokotak city,46890,488.0,,33.4,11.4,3.1,83.6,4.9,16.4,4.9,46890,12.7,8.9,7.3,4.5,13.6,3.7,87.2,16.9,44.8,44.0
AK237,Marshall,Incorporated place,Marshall city,47000,492.0,,36.99,11.9,8.2,74.4,11.0,25.6,11.0,47000,14.8,12.1,7.9,5.0,15.9,3.9,100.0,15.5,87.1,26.1
AK527,Meadow Lakes,Census designated place,Meadow Lakes CDP,47735,9197.0,12.16,27.75,12.8,2.1,83.1,3.4,16.9,3.4,47735,9.9,6.9,4.7,2.6,7.7,2.5,18.7,6.1,19.0,14.1
AK245,Mekoryuk,Incorporated place,Mekoryuk city,47990,206.0,,28.64,18.7,7.5,72.1,7.8,27.9,7.8,47990,13.6,14.1,11.5,6.9,20.8,5.1,100.0,19.9,50.9,25.0
AK246,Mendeltna,Census designated place,Mendeltna CDP,48200,36.0,,,,49.4,100.0,49.3,,49.4,48200,,,,,,,38.1,,64.4,
AK247,Mentasta Lake,Census designated place,Mentasta Lake CDP,48540,127.0,,27.56,10.9,9.6,75.2,10.6,24.8,10.6,48540,10.6,7.6,7.2,4.0,12.0,3.5,87.3,9.5,34.3,44.8
AK528,Mertarvik,Census designated place,Mertarvik CDP,48590,99.0,,40.4,,,,,,,48590,,,,,,,,,,
AK529,Mill Bay,Census designated place,Mill Bay CDP,49200,4216.0,11.69,26.87,6.6,3.1,77.2,10.5,22.8,10.5,49200,,,,,,,52.2,6.3,10.9,9.7
AK250,Minto,Census designated place,Minto CDP,49530,150.0,,31.33,6.6,6.4,74.3,10.7,25.7,10.7,49530,11.6,7.2,6.8,4.0,11.9,3.6,96.7,18.3,51.0,70.0
AK530,Moose Creek,Census designated place,Moose Creek CDP,50080,534.0,,22.28,4.9,7.3,95.7,6.7,4.3,6.7,50080,9.7,5.0,3.5,2.0,6.7,2.0,31.6,5.7,15.9,15.0
AK251,Moose Pass,Census designated place,Moose Pass CDP,50190,228.0,,21.49,15.8,12.6,100.0,8.7,,8.7,50190,9.0,5.9,5.0,2.5,7.8,2.5,11.6,9.6,,
AK531,Mosquito Lake,Census designated place,Mosquito Lake CDP,50800,120.0,,24.17,,7.3,94.3,7.7,5.7,7.7,50800,9.8,7.5,6.2,3.1,9.8,3.0,,,31.9,29.9
AK254,Mountain Village,Incorporated place,Mountain Village city,51180,621.0,6.76,33.66,11.2,3.5,85.2,5.9,14.8,5.9,51180,14.5,12.7,8.4,5.4,16.6,4.2,98.7,30.6,54.2,30.3
AK532,Mud Bay,Census designated place,Mud Bay CDP,51455,159.0,,,81.7,49.3,100.0,18.5,,18.5,51455,9.8,6.8,5.0,2.7,8.9,2.6,,,22.6,37.7
AK256,Nabesna,Census designated place,Nabesna CDP,51960,2.0,,,,,,,,,51960,,,,,,,,,,
AK227,Libbyville,Census designated place,Naknek CDP,52060,470.0,15.74,22.98,18.6,7.3,83.0,7.1,17.0,7.1,52060,10.7,7.0,5.8,3.3,10.3,3.0,66.8,7.8,13.7,25.5
AK258,Naknek,Census designated place,Naknek CDP,52060,470.0,15.74,22.98,18.6,7.3,83.0,7.1,17.0,7.1,52060,10.7,7.0,5.8,3.3,10.3,3.0,66.8,7.8,13.7,25.5
AK259,Nanwalek,Census designated place,Nanwalek CDP,52210,247.0,,42.11,14.6,7.1,74.2,7.7,25.8,7.7,52210,12.1,5.6,3.7,2.4,8.0,2.3,92.3,4.1,50.5,25.0
AK261,Napakiak,Incorporated place,Napakiak city,52390,358.0,,33.8,20.6,8.0,84.0,5.7,16.0,5.7,52390,13.7,12.6,9.6,6.0,17.7,4.6,99.1,14.4,81.1,46.3
AK263,Napaskiak,Incorporated place,Napaskiak city,52720,509.0,,36.35,6.3,3.2,84.7,6.8,15.3,6.8,52720,14.2,11.9,8.4,5.4,16.1,4.2,99.8,31.2,69.4,68.0
AK533,Naukati Bay,Census designated place,Naukati Bay CDP,52845,142.0,,23.94,52.7,12.1,84.5,13.6,15.5,13.6,52845,9.6,9.2,7.3,3.4,10.8,3.2,9.1,10.0,38.2,37.9
AK265,Nelchina,Census designated place,Nelchina CDP,52915,45.0,,,12.2,17.5,96.5,5.6,3.5,5.6,52915,9.9,10.0,8.6,4.4,12.7,3.9,43.4,,,
AK266,Nelson Lagoon,Census designated place,Nelson Lagoon CDP,52940,41.0,,,20.4,6.8,31.6,12.9,68.4,12.9,52940,11.5,8.1,6.2,3.8,12.6,3.3,81.6,26.0,8.2,43.8
AK267,Nenana,Incorporated place,Nenana city,53050,358.0,20.67,24.58,16.2,4.0,83.4,6.0,16.6,6.0,53050,10.8,9.2,8.4,4.6,13.0,4.0,43.1,7.6,29.2,33.3
AK270,Newhalen,Incorporated place,Newhalen city,53270,168.0,,35.12,24.3,11.2,91.6,8.0,8.4,8.0,53270,13.1,7.1,4.7,3.1,10.0,2.8,89.0,3.9,45.9,27.6
AK269,New Stuyahok,Incorporated place,New Stuyahok city,53710,512.0,,38.87,9.5,3.2,86.3,5.7,13.7,5.7,53710,12.5,9.0,7.3,4.4,13.8,3.6,98.4,11.6,42.8,45.3
AK271,Newtok,Census designated place,Newtok CDP,53820,209.0,,38.28,18.9,5.5,68.9,12.7,31.1,12.7,53820,13.6,12.2,9.1,5.5,16.8,4.3,98.9,34.4,71.3,46.9
AK272,Nightmute,Incorporated place,Nightmute city,53930,306.0,,44.44,16.0,6.8,82.0,8.0,18.0,8.0,53930,14.5,11.1,7.7,4.9,14.6,3.8,100.0,20.0,49.6,37.9
AK273,Nikiski,Census designated place,Nikiski CDP,54050,4456.0,18.27,24.48,18.4,5.2,81.8,5.6,18.2,5.6,54050,10.0,7.5,5.8,3.0,9.1,2.8,25.9,8.6,22.0,17.6
AK274,Nikolaevsk,Census designated place,Nikolaevsk CDP,54085,328.0,,20.43,17.0,10.6,79.8,20.8,20.2,20.8,54085,9.9,6.4,4.7,2.4,7.4,2.3,7.1,24.7,23.7,28.2
AK275,Nikolai,Incorporated place,Nikolai city,54150,89.0,,17.98,26.1,11.0,43.5,13.4,56.5,13.4,54150,12.0,11.8,10.8,6.1,18.2,4.8,96.2,12.2,55.8,73.8
AK276,Nikolski,Census designated place,Nikolski CDP,54260,39.0,,,20.0,24.5,80.0,17.1,20.0,17.1,54260,,,,,,,,,,
AK278,Ninilchik,Census designated place,Ninilchik CDP,54480,845.0,34.32,16.8,15.0,4.8,83.7,8.2,16.3,8.2,54480,9.9,8.9,7.8,3.9,11.9,3.6,20.4,6.6,26.4,16.7
AK279,Noatak,Census designated place,Noatak CDP,54700,570.0,,36.67,11.8,3.8,78.4,6.0,21.6,6.0,54700,13.9,10.9,7.9,5.0,15.2,3.9,98.2,15.8,22.7,12.8
AK280,Nome,Incorporated place,Nome city,54920,3699.0,8.87,28.36,6.8,1.4,82.3,2.3,17.7,2.3,54920,10.7,5.9,4.7,2.8,8.4,2.6,73.9,7.4,12.8,9.8
AK281,Nondalton,Incorporated place,Nondalton city,55030,133.0,,21.05,20.5,9.3,60.2,12.2,39.8,12.2,55030,13.1,9.0,6.6,4.1,12.5,3.4,86.0,4.3,6.0,44.0
AK282,Noorvik,Incorporated place,Noorvik city,55140,694.0,8.21,42.36,9.8,2.9,84.2,6.0,15.8,6.0,55140,13.3,10.8,8.3,5.1,15.3,4.0,98.3,26.5,40.9,28.9
AK534,North Lakes,Census designated place,North Lakes CDP,55745,9450.0,12.02,27.82,14.5,2.7,89.1,3.0,10.9,3.0,55745,,,,,,,21.3,5.8,18.7,11.8
AK148,Highland Park,Incorporated place,North Pole city,55910,2243.0,10.25,27.42,5.9,2.4,91.7,5.5,8.3,5.5,55910,9.6,4.9,3.5,2.0,6.4,2.0,33.1,2.1,8.9,7.6
AK283,North Pole,Incorporated place,North Pole city,55910,2243.0,10.25,27.42,5.9,2.4,91.7,5.5,8.3,5.5,55910,9.6,4.9,3.5,2.0,6.4,2.0,33.1,2.1,8.9,7.6
AK187,Kathakne,Census designated place,Northway CDP,56220,234.0,,30.77,20.7,11.6,82.8,8.8,17.2,8.8,56220,11.1,8.9,8.4,4.9,14.4,4.1,81.9,19.3,29.6,66.1
AK284,Northway,Census designated place,Northway CDP,56220,234.0,,30.77,20.7,11.6,82.8,8.8,17.2,8.8,56220,11.1,8.9,8.4,4.9,14.4,4.1,81.9,19.3,29.6,66.1
AK285,Northway Indian Village,Census designated place,Northway CDP,56220,234.0,,30.77,20.7,11.6,82.8,8.8,17.2,8.8,56220,11.1,8.9,8.4,4.9,14.4,4.1,81.9,19.3,29.6,66.1
AK286,Northway Junction,Census designated place,Northway CDP,56220,234.0,,30.77,20.7,11.6,82.8,8.8,17.2,8.8,56220,11.1,8.9,8.4,4.9,14.4,4.1,81.9,19.3,29.6,66.1
AK287,Nuiqsut,Incorporated place,Nuiqsut city,56320,512.0,,38.67,9.9,5.8,75.7,7.9,24.3,7.9,56320,12.8,7.6,5.1,3.3,10.4,2.8,75.4,20.9,20.6,44.0
AK288,Nulato,Incorporated place,Nulato city,56350,239.0,13.39,28.45,22.7,5.4,74.0,6.5,26.0,6.5,56350,12.4,9.3,8.7,5.2,15.1,4.3,94.9,6.2,29.7,56.2
AK289,Nunam Iqua,Incorporated place,Nunam Iqua city,56600,217.0,,43.78,16.4,8.0,73.0,13.3,27.0,13.3,56600,14.3,12.5,8.2,5.2,16.3,4.0,100.0,55.3,88.8,46.7
AK290,Nunapitchuk,Incorporated place,Nunapitchuk city,56680,594.0,,40.57,9.8,4.4,92.9,4.2,7.1,4.2,56680,14.2,11.7,8.0,5.1,15.9,3.9,100.0,30.4,72.2,53.7
AK293,Old Harbor,Incorporated place,Old Harbor city,57340,216.0,,23.61,19.4,8.3,78.8,10.3,21.2,10.3,57340,11.7,8.4,7.1,4.2,13.3,3.6,85.6,10.4,59.2,41.3
AK296,Oscarville,Census designated place,Oscarville CDP,58330,70.0,,,9.5,8.8,100.0,20.9,,20.9,58330,13.9,11.2,8.6,5.3,15.0,4.1,88.6,23.3,16.7,50.0
AK298,Ouzinkie,Incorporated place,Ouzinkie city,58550,109.0,,,16.4,10.6,68.0,13.9,32.0,13.9,58550,11.9,8.4,7.0,4.1,13.2,3.5,99.1,22.6,26.9,18.6
AK300,Palmer,Incorporated place,Palmer city,58660,5888.0,14.66,25.56,18.9,2.2,87.2,1.9,12.8,1.9,58660,10.1,6.2,4.5,2.5,7.0,2.5,31.1,7.3,21.5,11.0
AK303,Paxson,Census designated place,Paxson CDP,59320,26.0,,,,,,,,,59320,,,,,,,,,,
AK304,Pedro Bay,Census designated place,Pedro Bay CDP,59540,43.0,,,38.1,34.5,23.8,21.7,76.2,21.7,59540,,,,,,,,,,
AK305,Pelican,Incorporated place,Pelican city,59650,98.0,,,5.3,9.5,52.6,19.4,47.4,19.4,59650,9.9,8.7,7.7,4.0,12.1,3.6,,,,
AK307,Perryville,Census designated place,Perryville CDP,60200,88.0,,,18.5,10.1,79.6,23.0,20.4,23.0,60200,12.7,9.3,7.3,4.6,14.2,3.8,98.6,,56.9,47.8
AK308,Petersburg,Census designated place,Petersburg CDP,60310,3043.0,20.74,20.44,21.5,4.1,87.9,3.4,12.1,3.4,60310,9.5,6.6,5.4,2.8,8.3,2.7,40.0,8.2,13.2,15.1
AK309,Petersville,Census designated place,Petersville CDP,60460,27.0,,,,,,,,,60460,,,,,,,,,,
AK311,Pilot Point,Incorporated place,Pilot Point city,60640,70.0,,,15.7,13.1,79.5,18.3,20.5,18.3,60640,12.6,10.6,8.0,4.7,15.1,3.9,68.6,24.6,12.8,69.6
AK312,Pilot Station,Incorporated place,Pilot Station city,60750,615.0,,41.46,10.5,4.1,81.2,8.0,18.8,8.0,60750,14.5,11.8,7.8,5.0,15.4,3.9,99.4,28.9,69.6,23.1
AK313,Pitkas Point,Census designated place,Pitkas Point CDP,60860,120.0,,39.17,9.2,5.5,78.5,14.0,21.5,14.0,60860,14.8,13.3,8.3,5.4,18.2,4.1,100.0,25.0,50.8,17.1
AK314,Platinum,Incorporated place,Platinum city,61080,55.0,,,62.5,28.9,75.0,24.6,25.0,24.6,61080,13.6,13.7,10.9,6.4,19.4,4.9,,,,
AK535,Pleasant Valley,Census designated place,Pleasant Valley CDP,61120,606.0,,20.3,,4.9,93.2,12.8,6.8,12.8,61120,9.1,5.2,4.5,2.3,7.5,2.4,8.6,,,20.7
AK315,Point Baker,Census designated place,Point Baker CDP,61190,12.0,,,,,,,,,61190,,,,,,,,,,
AK316,Point Hope,Incorporated place,Point Hope city,61630,830.0,,40.96,11.7,4.3,75.6,4.8,24.4,4.8,61630,12.4,8.2,6.4,4.0,12.1,3.3,96.0,17.3,41.3,28.6
AK317,Point Lay,Census designated place,Point Lay CDP,61700,330.0,,48.18,6.8,3.8,68.2,10.7,31.8,10.7,61700,12.1,6.7,4.8,3.0,9.3,2.6,93.9,27.9,26.2,28.9
AK536,Point MacKenzie,Census designated place,Point MacKenzie CDP,61788,1852.0,,5.72,17.9,12.4,74.0,16.3,26.0,16.3,61788,8.7,6.1,4.7,2.5,7.5,2.3,43.2,30.5,7.4,8.4
AK537,Point Possession,Census designated place,Point Possession CDP,61825,9.0,,,,,,,,,61825,,,,,,,,,,
AK538,Pope-Vannoy Landing,Census designated place,Pope-Vannoy Landing CDP,62125,6.0,,,,,,,,,62125,,,,,,,,,,
AK329,Portage Creek,Census designated place,Portage Creek CDP,62285,4.0,,,,100.0,,100.0,100.0,100.0,62285,,,,,,,,,,
AK319,Port Alexander,Incorporated place,Port Alexander city,62510,78.0,,30.77,12.2,10.9,71.6,17.1,28.4,17.1,62510,9.5,5.4,3.9,2.1,6.7,2.1,,,,
AK320,Port Alsworth,Census designated place,Port Alsworth CDP,62620,186.0,,31.18,9.0,9.1,94.0,7.2,6.0,7.2,62620,11.1,6.9,4.3,2.3,7.2,2.2,31.0,2.0,8.3,
AK539,Port Clarence,Census designated place,Port Clarence CDP,63170,,,,,,,,,,63170,,,,,,,,,,
AK322,Port Graham,Census designated place,Port Graham CDP,63280,162.0,,37.04,21.3,10.6,60.0,13.3,40.0,13.3,63280,11.9,7.7,7.5,4.1,12.8,3.6,91.3,6.4,36.0,21.7
AK323,Port Heiden,Incorporated place,Port Heiden city,63390,100.0,,28.0,19.4,11.9,46.8,36.4,53.2,36.4,63390,12.1,8.4,6.7,3.8,11.9,3.3,75.4,37.2,61.5,16.7
AK324,Port Lions,Incorporated place,Port Lions city,63610,170.0,,,17.2,10.1,66.9,12.2,33.1,12.2,63610,11.3,8.9,7.5,4.3,13.1,3.7,71.1,4.8,15.6,18.6
AK540,Primrose,Census designated place,Primrose CDP,64240,96.0,,10.42,5.1,9.5,100.0,17.4,,17.4,64240,9.3,7.1,6.4,3.2,8.9,3.2,,,,
AK331,Prudhoe Bay,Census designated place,Prudhoe Bay CDP,64380,1310.0,,,8.2,4.1,93.7,3.2,6.3,3.2,64380,7.1,4.7,4.3,2.1,7.2,2.0,17.2,1.3,0.3,
AK93,Deadhorse,Census designated place,Prudhoe Bay CDP,64380,1310.0,,,8.2,4.1,93.7,3.2,6.3,3.2,64380,7.1,4.7,4.3,2.1,7.2,2.0,17.2,1.3,0.3,
AK332,Quinhagak,Incorporated place,Quinhagak city,64600,776.0,,37.37,12.4,3.3,86.2,4.0,13.8,4.0,64600,14.1,11.8,8.3,5.3,16.0,4.1,98.0,34.4,66.7,31.9
AK334,Rampart,Census designated place,Rampart CDP,64820,57.0,,,3.7,6.5,66.7,22.0,33.3,22.0,64820,,,,,,,100.0,21.2,55.2,100.0
AK335,Red Devil,Census designated place,Red Devil CDP,64930,22.0,,,5.3,14.3,31.6,30.7,68.4,30.7,64930,,,,,,,,,,
AK541,Red Dog Mine,Census designated place,Red Dog Mine CDP,64980,5.0,,,,,,,,,64980,10.4,10.4,7.5,3.9,13.5,3.0,,,,
AK542,Ridgeway,Census designated place,Ridgeway CDP,65345,2136.0,19.66,23.92,9.7,4.7,91.6,4.7,8.4,4.7,65345,9.8,7.4,6.0,3.0,9.2,2.9,12.2,6.8,16.6,18.3
AK337,Ruby,Incorporated place,Ruby city,65590,139.0,,27.34,19.5,5.6,70.0,11.0,30.0,11.0,65590,12.2,10.6,9.4,5.5,17.4,4.5,84.5,24.5,28.5,60.6
AK338,Russian Mission,Incorporated place,Russian Mission city,65700,421.0,,43.94,8.3,4.8,69.4,11.9,30.6,11.9,65700,14.7,11.1,6.3,4.1,13.4,3.3,99.2,30.4,62.7,31.6
AK547,St. George,Incorporated place,St. George city,65800,67.0,,,14.7,7.8,34.3,14.1,65.7,14.1,65800,11.5,8.2,7.5,4.4,14.4,3.8,100.0,2.9,18.9,38.5
AK340,Saint Mary's,Incorporated place,St. Mary's city,66140,599.0,,37.23,11.2,3.9,68.6,7.2,31.4,7.2,66140,14.4,13.8,9.3,5.9,18.6,4.5,97.6,8.0,49.8,28.6
AK341,Saint Michael,Incorporated place,St. Michael city,66360,456.0,,42.54,12.4,3.6,77.9,7.0,22.1,7.0,66360,13.6,10.1,6.5,4.2,12.9,3.4,100.0,15.4,53.7,23.6
AK342,Saint Paul,Incorporated place,St. Paul city,66470,413.0,,27.36,22.5,23.3,80.2,12.7,19.8,12.7,66470,11.5,7.4,6.0,3.7,12.4,3.3,95.2,8.0,32.0,14.0
AK343,Salamatof,Census designated place,Salamatof CDP,66510,1078.0,13.64,14.75,16.4,5.4,90.7,4.6,9.3,4.6,66510,9.2,6.2,4.9,2.6,7.9,2.4,28.2,8.5,13.8,16.7
AK344,Salcha,Census designated place,Salcha CDP,66550,977.0,17.81,24.87,18.3,11.0,81.2,13.6,18.8,13.6,66550,9.1,5.6,4.7,2.4,8.0,2.4,14.5,11.8,17.0,21.4
AK347,Sand Point,Incorporated place,Sand Point city,67020,578.0,11.25,24.39,15.6,4.5,61.4,4.9,38.6,4.9,67020,8.9,5.5,4.8,2.9,11.2,2.6,86.1,14.4,20.1,31.5
AK349,Savoonga,Incorporated place,Savoonga city,67460,835.0,8.62,36.17,11.8,2.6,81.6,4.1,18.4,4.1,67460,13.6,11.2,8.4,5.1,15.4,4.0,96.6,28.4,55.3,34.8
AK350,Saxman,Incorporated place,Saxman city,67570,384.0,17.45,23.96,34.1,8.0,81.1,6.3,18.9,6.3,67570,10.3,5.8,5.2,3.1,9.1,2.9,80.6,10.4,31.7,29.0
AK351,Scammon Bay,Incorporated place,Scammon Bay city,67680,600.0,,45.67,13.8,4.2,89.0,5.2,11.0,5.2,67680,14.4,13.4,9.6,5.9,18.3,4.5,99.3,24.7,77.8,25.7
AK352,Selawik,Incorporated place,Selawik city,68230,809.0,,40.67,9.3,2.9,84.2,4.9,15.8,4.9,68230,13.8,10.0,6.6,4.1,12.9,3.3,95.6,32.3,70.7,33.1
AK353,Seldovia,Incorporated place,Seldovia city,68340,235.0,31.06,21.28,19.5,9.6,84.8,8.4,15.2,8.4,68340,10.0,9.5,8.3,4.1,12.6,3.8,24.0,10.4,,6.5
AK543,Seldovia Village,Census designated place,Seldovia Village CDP,68370,199.0,,,13.7,8.0,75.4,12.7,24.6,12.7,68370,10.6,9.4,8.2,4.1,13.0,3.7,53.4,4.6,19.3,19.6
AK354,Seward,Incorporated place,Seward city,68560,2717.0,13.51,13.88,10.7,6.7,86.5,8.1,13.5,8.1,68560,9.9,7.3,5.7,3.0,9.3,2.7,37.5,7.0,20.1,8.6
AK355,Shageluk,Incorporated place,Shageluk city,68670,100.0,,35.0,14.3,16.4,69.6,15.1,30.4,15.1,68670,13.4,11.2,9.0,5.6,17.1,4.4,,,,
AK356,Shaktoolik,Incorporated place,Shaktoolik city,68890,212.0,,28.77,9.6,4.3,70.7,7.1,29.3,7.1,68890,13.5,11.2,8.1,5.0,15.4,3.9,99.1,11.8,40.9,8.6
AK358,Shishmaref,Incorporated place,Shishmaref city,69770,576.0,,31.77,13.4,2.9,73.9,4.7,26.1,4.7,69770,13.3,11.0,8.2,5.0,15.2,3.9,94.6,14.4,44.8,23.0
AK359,Shungnak,Incorporated place,Shungnak city,70100,272.0,,38.97,5.2,2.9,79.0,6.5,21.0,6.5,70100,13.6,11.6,8.8,5.5,16.0,4.3,100.0,17.5,42.5,30.2
AK544,Silver Springs,Census designated place,Silver Springs CDP,70320,111.0,,,25.7,22.5,100.0,12.3,,12.3,70320,9.8,7.2,5.3,2.8,8.9,2.5,11.2,3.0,2.2,5.5
AK361,Skagway,Census designated place,Skagway CDP,70760,1164.0,13.57,19.67,10.7,3.3,85.6,4.9,14.4,4.9,70760,9.5,5.9,4.6,2.4,7.5,2.4,26.4,5.3,13.0,13.6
AK362,Skwentna,Census designated place,Skwentna CDP,70870,62.0,,,,45.1,100.0,45.1,,45.1,70870,,,,,,,,,60.9,50.0
AK363,Slana,Census designated place,Slana CDP,70930,116.0,,,44.4,19.4,100.0,47.5,,47.5,70930,9.7,9.3,7.7,3.9,12.3,3.5,22.4,22.4,15.3,78.2
AK365,Sleetmute,Census designated place,Sleetmute CDP,71090,95.0,,30.53,17.9,12.9,61.5,20.7,38.5,20.7,71090,12.4,11.8,9.5,5.6,16.9,4.4,90.1,23.3,45.7,56.0
AK366,Soldotna,Incorporated place,Soldotna city,71640,4342.0,20.66,23.65,17.7,4.7,88.8,4.6,11.2,4.6,71640,9.9,7.0,5.7,3.0,8.5,2.9,17.9,2.5,27.3,18.5
AK545,South Lakes,Census designated place,South Lakes CDP,72135,5229.0,14.67,26.03,10.0,2.7,88.9,3.0,11.1,3.0,72135,,,,,,,20.5,2.7,16.8,7.7
AK368,South Naknek,Census designated place,South Naknek CDP,72190,67.0,,,26.2,23.8,61.9,22.5,38.1,22.5,72190,10.5,7.2,6.7,4.0,13.6,3.6,80.4,,7.1,26.7
AK546,South Van Horn,Census designated place,South Van Horn CDP,72230,503.0,,26.84,17.4,9.4,78.0,12.1,22.0,12.1,72230,9.9,6.1,4.6,2.5,8.0,2.4,31.6,12.4,8.8,19.1
AK372,Stebbins,Incorporated place,Stebbins city,72960,634.0,,39.27,10.6,2.8,86.6,4.7,13.4,4.7,72960,13.8,10.3,6.5,4.2,13.2,3.4,95.4,20.9,53.4,21.9
AK548,Steele Creek,Census designated place,Steele Creek CDP,72985,6437.0,14.34,24.5,9.1,3.6,93.5,3.6,6.5,3.6,72985,9.3,5.2,4.2,2.3,7.1,2.3,29.4,6.9,3.2,7.9
AK373,Sterling,Census designated place,Sterling CDP,73070,5918.0,21.76,20.7,20.2,5.6,86.4,4.8,13.6,4.8,73070,9.9,7.9,6.4,3.2,9.8,3.0,10.5,4.5,14.9,13.6
AK374,Stevens Village,Census designated place,Stevens Village CDP,73290,37.0,,,22.2,56.8,22.2,56.8,77.8,56.8,73290,10.7,6.3,6.0,3.3,10.6,3.0,,,,
AK375,Stony River,Census designated place,Stony River CDP,73400,57.0,,,5.1,7.1,59.0,26.6,41.0,26.6,73400,13.1,9.3,6.4,3.9,12.2,3.2,,,,
AK377,Sunrise,Census designated place,Sunrise CDP,73950,15.0,,,25.6,48.4,100.0,39.5,,39.5,73950,,,,,,,,,,
AK10,Alexander Creek,Census designated place,Susitna CDP,74340,11.0,,,,,,,,,74340,,,,,,,,,,
AK379,Susitna Station,Census designated place,Susitna CDP,74340,11.0,,,,,,,,,74340,,,,,,,,,,
AK487,Susitna,Census designated place,Susitna CDP,74340,11.0,,,,,,,,,74340,,,,,,,,,,
AK549,Susitna North,Census designated place,Susitna North CDP,74350,1564.0,22.38,17.97,6.6,4.1,76.8,6.0,23.2,6.0,74350,9.7,7.8,6.0,3.1,9.3,3.0,16.0,5.5,29.4,21.9
AK119,Eska,Census designated place,Sutton-Alpine CDP,74525,1038.0,20.71,24.86,21.9,6.1,80.4,6.2,19.6,6.2,74525,9.6,7.2,5.1,2.7,8.5,2.5,31.8,12.1,20.2,10.4
AK171,Jonesville,Census designated place,Sutton-Alpine CDP,74525,1038.0,20.71,24.86,21.9,6.1,80.4,6.2,19.6,6.2,74525,9.6,7.2,5.1,2.7,8.5,2.5,31.8,12.1,20.2,10.4
AK380,Sutton,Census designated place,Sutton-Alpine CDP,74525,1038.0,20.71,24.86,21.9,6.1,80.4,6.2,19.6,6.2,74525,9.6,7.2,5.1,2.7,8.5,2.5,31.8,12.1,20.2,10.4
AK550,Sutton-Alpine,Census designated place,Sutton-Alpine CDP,74525,1038.0,20.71,24.86,21.9,6.1,80.4,6.2,19.6,6.2,74525,9.6,7.2,5.1,2.7,8.5,2.5,31.8,12.1,20.2,10.4
AK381,Takotna,Census designated place,Takotna CDP,74610,56.0,,,7.5,9.3,66.0,32.7,34.0,32.7,74610,12.3,9.7,7.1,3.9,11.4,3.2,58.6,16.7,82.8,72.7
AK382,Talkeetna,Census designated place,Talkeetna CDP,74830,1055.0,25.78,15.07,4.4,2.9,79.6,7.9,20.4,7.9,74830,9.7,7.6,5.6,3.0,9.0,2.9,2.7,7.0,16.8,19.9
AK383,Tanacross,Census designated place,Tanacross CDP,75050,144.0,,31.94,35.9,19.3,70.3,10.4,29.7,10.4,75050,11.9,9.7,9.1,5.3,15.2,4.5,95.3,22.4,36.4,60.9
AK551,Tanaina,Census designated place,Tanaina CDP,75077,8817.0,10.71,29.3,13.1,2.6,82.7,3.3,17.3,3.3,75077,9.8,5.9,4.0,2.2,6.7,2.2,21.4,6.0,17.9,5.7
AK384,Tanana,Incorporated place,Tanana city,75160,246.0,,,20.2,5.6,57.1,9.6,42.9,9.6,75160,11.7,7.9,7.1,4.3,13.2,3.7,86.8,7.1,21.1,40.0
AK116,Ellamar,Census designated place,Tatitlek CDP,75380,90.0,,,14.6,15.7,56.1,23.8,43.9,23.8,75380,11.0,5.0,4.0,2.5,8.3,2.4,,,,
AK386,Tatitlek,Census designated place,Tatitlek CDP,75380,90.0,,,14.6,15.7,56.1,23.8,43.9,23.8,75380,11.0,5.0,4.0,2.5,8.3,2.4,,,,
AK387,Tazlina,Census designated place,Tazlina CDP,75480,244.0,,31.97,9.7,4.2,84.9,9.2,15.1,9.2,75480,10.7,7.9,6.6,3.5,10.6,3.2,49.2,6.7,11.0,8.3
AK390,Teller,Incorporated place,Teller city,75930,249.0,,40.16,11.4,3.9,71.3,7.6,28.7,7.6,75930,13.2,10.7,7.5,4.5,14.7,3.6,99.6,23.0,56.0,45.3
AK392,Tenakee Springs,Incorporated place,Tenakee Springs city,76260,116.0,38.79,,8.3,5.7,98.3,2.7,1.7,2.7,76260,9.6,9.9,8.3,4.0,12.3,3.7,39.1,,17.9,58.1
AK393,Tetlin,Census designated place,Tetlin CDP,76590,126.0,,30.95,27.2,9.3,69.8,10.1,30.2,10.1,76590,11.8,8.0,6.4,3.9,12.5,3.5,91.5,35.2,67.9,75.4
AK396,Thorne Bay,Incorporated place,Thorne Bay city,77140,476.0,,18.49,30.0,6.9,89.3,6.5,10.7,6.5,77140,10.2,9.3,6.7,3.4,10.7,3.0,7.4,4.6,22.9,31.1
AK398,Togiak,Incorporated place,Togiak city,77690,817.0,10.04,36.35,12.9,3.5,77.4,5.4,22.6,5.4,77690,12.9,9.4,7.6,4.7,14.0,3.8,91.7,17.5,43.2,42.3
AK399,Tok,Census designated place,Tok CDP,77800,1243.0,20.51,23.57,23.1,6.5,91.4,3.5,8.6,3.5,77800,10.5,9.3,7.2,3.7,11.1,3.3,25.2,9.0,32.0,19.2
AK401,Toksook Bay,Incorporated place,Toksook Bay city,78240,658.0,,37.23,10.3,2.6,90.1,3.3,9.9,3.3,78240,13.8,11.9,8.6,5.4,16.2,4.2,98.4,16.7,45.0,18.6
AK412,Umkumiute,Incorporated place,Toksook Bay city,78240,658.0,,37.23,10.3,2.6,90.1,3.3,9.9,3.3,78240,13.8,11.9,8.6,5.4,16.2,4.2,98.4,16.7,45.0,18.6
AK552,Tolsona,Census designated place,Tolsona CDP,78297,12.0,,,82.6,9.3,100.0,36.2,,36.2,78297,,,,,,,,,,
AK403,Tonsina,Census designated place,Tonsina CDP,78350,55.0,,,,55.2,100.0,55.2,,55.2,78350,10.0,7.9,6.3,3.3,10.2,2.9,,,,
AK553,Trapper Creek,Census designated place,Trapper Creek CDP,78680,499.0,,14.43,10.9,7.0,62.8,13.3,37.2,13.3,78680,10.5,10.1,7.4,3.8,11.6,3.4,9.1,10.6,23.7,26.2
AK404,Tuluksak,Census designated place,Tuluksak CDP,78790,444.0,,41.89,19.3,4.6,86.6,6.2,13.4,6.2,78790,13.8,11.7,8.2,5.1,16.0,3.9,86.7,23.9,74.8,70.5
AK405,Tuntutuliak,Census designated place,Tuntutuliak CDP,79120,469.0,,43.07,9.3,7.6,90.5,8.5,9.5,8.5,79120,14.1,12.9,9.3,5.8,17.7,4.4,98.9,12.8,44.5,35.8
AK277,Nilikluguk,Census designated place,Tununak CDP,79230,411.0,,37.47,15.7,4.9,80.8,7.4,19.2,7.4,79230,13.5,13.0,10.0,6.1,18.4,4.6,99.4,9.8,70.6,25.0
AK406,Tununak,Census designated place,Tununak CDP,79230,411.0,,37.47,15.7,4.9,80.8,7.4,19.2,7.4,79230,13.5,13.0,10.0,6.1,18.4,4.6,99.4,9.8,70.6,25.0
AK407,Twin Hills,Census designated place,Twin Hills CDP,79780,103.0,,31.07,18.3,10.4,87.3,10.4,12.7,10.4,79780,13.1,10.6,8.8,5.5,17.0,4.4,98.6,42.5,78.3,42.1
AK436,Two Rivers,Census designated place,Two Rivers CDP,79830,650.0,,20.31,9.3,15.3,84.1,19.2,15.9,19.2,79830,9.1,4.9,4.0,2.2,7.0,2.2,36.0,,6.7,46.9
AK408,Tyonek,Census designated place,Tyonek CDP,79890,152.0,,26.97,13.0,5.7,54.0,12.0,46.0,12.0,79890,11.9,8.0,7.0,4.1,14.2,3.5,98.5,1.7,36.6,28.9
AK409,Ugashik,Census designated place,Ugashik CDP,80100,4.0,,,12.5,20.1,50.0,37.0,50.0,37.0,80100,,,,,,,,,,
AK414,Unalakleet,Incorporated place,Unalakleet city,80660,765.0,,32.94,9.4,5.0,79.3,12.4,20.7,12.4,80660,13.2,12.3,9.2,5.5,16.8,4.3,69.4,5.6,22.0,31.9
AK415,Unalaska,Incorporated place,Unalaska city,80770,4254.0,5.1,11.42,6.7,2.2,85.2,2.9,14.8,2.9,80770,7.6,4.0,3.5,2.0,8.9,2.0,78.8,9.2,8.7,21.3
AK178,Upper Kalskag,Incorporated place,Upper Kalskag city,81320,212.0,,33.96,10.0,4.6,82.0,6.2,18.0,6.2,81320,13.5,10.4,7.3,4.7,14.3,3.7,94.2,9.8,40.7,42.3
AK418,Utqiavik,Incorporated place,Utqiag?vik city,81920,4927.0,8.18,31.44,12.6,2.2,75.6,5.2,24.4,5.2,81920,11.3,6.4,4.9,3.0,10.3,2.7,87.5,17.5,11.3,30.1
AK421,Valdez,Incorporated place,Valdez city,82200,3985.0,10.04,24.27,12.3,3.8,86.9,4.9,13.1,4.9,82200,9.3,4.8,3.8,2.1,6.7,2.1,20.0,3.2,7.7,12.1
AK422,Venetie,Census designated place,Venetie CDP,82420,205.0,,32.2,11.9,7.3,80.2,9.4,19.8,9.4,82420,12.8,10.8,8.4,5.0,16.1,4.1,100.0,56.6,47.7,71.4
AK423,Wainwright,Incorporated place,Wainwright city,82750,628.0,,35.67,13.5,5.0,78.5,4.9,21.5,4.9,82750,12.5,7.9,5.8,3.7,11.3,3.1,93.2,15.2,14.0,21.0
AK424,Wales,Incorporated place,Wales city,82860,168.0,,38.69,9.0,4.8,70.3,10.5,29.7,10.5,82860,12.7,11.6,8.6,4.9,15.5,3.8,100.0,12.2,62.3,32.0
AK426,Wasilla,Incorporated place,Wasilla city,83080,9054.0,14.57,26.91,18.2,3.4,81.9,3.3,18.1,3.3,83080,10.1,7.0,4.9,2.7,7.7,2.7,23.6,5.4,23.6,13.5
AK427,Whale Pass,Incorporated place,Whale Pass city,84000,86.0,,,30.7,28.1,100.0,19.8,,19.8,84000,,,,,,,4.2,21.4,14.7,56.5
AK428,White Mountain,Incorporated place,White Mountain city,84070,185.0,,35.68,12.9,7.4,69.4,10.7,30.6,10.7,84070,13.3,11.4,8.0,4.8,15.3,3.7,95.8,13.7,41.1,36.5
AK554,Whitestone,Census designated place,Whitestone CDP,84120,71.0,,,,30.3,58.3,44.7,41.7,44.7,84120,9.3,5.3,4.0,2.0,5.8,2.1,,,,
AK555,Whitestone Logging Camp,Census designated place,Whitestone Logging Camp CDP,84200,2.0,,,,,,,,,84200,,,,,,,,,,
AK429,Whittier,Incorporated place,Whittier city,84510,272.0,,22.79,18.4,8.6,72.9,13.0,27.1,13.0,84510,8.8,5.6,5.1,2.6,8.7,2.7,63.9,0.9,27.5,13.8
AK233,Lucky Shot Landing,Census designated place,Willow CDP,85280,2196.0,26.37,15.94,12.9,3.4,84.2,4.2,15.8,4.2,85280,9.9,8.8,6.8,3.5,10.1,3.2,12.2,7.3,26.1,24.5
AK430,Willow,Census designated place,Willow CDP,85280,2196.0,26.37,15.94,12.9,3.4,84.2,4.2,15.8,4.2,85280,9.9,8.8,6.8,3.5,10.1,3.2,12.2,7.3,26.1,24.5
AK556,Willow Creek,Census designated place,Willow Creek CDP,85290,190.0,,,89.2,15.0,100.0,25.8,,25.8,85290,9.7,8.8,7.2,3.6,11.5,3.3,13.9,6.3,,
AK431,Wiseman,Census designated place,Wiseman CDP,85610,5.0,,,66.7,26.8,,82.3,100.0,82.2,85610,,,,,,,,,,
AK432,Womens Bay,Census designated place,Womens Bay CDP,85680,743.0,,23.96,7.6,6.4,75.7,12.4,24.3,12.4,85680,10.5,8.0,5.5,2.9,8.9,2.6,27.9,5.0,8.6,
AK435,Yakutat,Census designated place,Yakutat CDP,86490,657.0,18.42,19.18,7.7,2.6,80.2,7.6,19.8,7.6,86490,10.4,7.2,6.1,3.4,10.9,3.1,69.6,5.4,13.2,16.2
